<?xml version="1.0" encoding="UTF-8"?>
<Configuration status="DEBUG">
    <Appenders>
        <Console name="LogToConsole" target="SYSTEM_OUT">
            <PatternLayout
                    pattern="%d{HH:mm:ss.SSS} [%t] %-5level %logger{36} - %msg%n" />
        </Console>
        <RollingRandomAccessFile
                name="LogToRollingRandomAccessFile"
                fileName="./PacbioReprocess_Log/app.log"
                filePattern="./PacbioReprocess_Log/$${date:yyyy-MM}/app-%d{MM-dd-yyyy}-%i.log.gz">
            <PatternLayout>
                <Pattern>%d %p %c{1.} [%t] %m%n</Pattern>
            </PatternLayout>
            <Policies>
                <TimeBasedTriggeringPolicy />
                <SizeBasedTriggeringPolicy size="100 MB" />
            </Policies>
            <DefaultRolloverStrategy max="10" />
        </RollingRandomAccessFile>

    </Appenders>
    <Loggers>
        <!-- avoid duplicated logs with additivity=false -->
        <Logger name="com.histo.pacbioreprocess" level="debug" additivity="false">
            <AppenderRef ref="LogToRollingRandomAccessFile" />
            <AppenderRef ref="LogToConsole" />
        </Logger>
        <Root level="error">
            <AppenderRef ref="LogToConsole" />
        </Root>
    </Loggers>
</Configuration>