<?xml version="1.0" encoding="UTF-8"?>
<Configuration>
    <Appenders>
        <Console name="Console" target="SYSTEM_OUT">
            <PatternLayout
                    pattern="%style{%d{ISO8601}}{black} %highlight{%-5level }[%style{%t}{bright,blue}] %style{%C{1.}}{bright,yellow}: %msg%n%throwable"/>
        </Console>

        <RollingFile name="RollingFile"
                     fileName="${sys:user.home}/logs/IlluminaExperimentStatus/app.log"
                     filePattern="${sys:user.home}/logs/IlluminaExperimentStatus/$${date:yyyy-MM}/app-%d{-dd-MMMM-yyyy}-%i.log.gz">
            <PatternLayout>
                <pattern>%d %p %C{1.} [%t] %m%n</pattern>
            </PatternLayout>
            <Policies>
                <!-- daily and when the file reaches
                    100 MegaBytes -->
                <TimeBasedTriggeringPolicy/>
                <SizeBasedTriggeringPolicy
                        size="100 MB"/>
                <TimeBasedTriggeringPolicy/>
            </Policies>
        </RollingFile>
    </Appenders>

    <Loggers>
        <!-- LOG everything at error level -->
        <Root level="info">
            <AppenderRef ref="Console"/>
            <AppenderRef ref="RollingFile"/>
        </Root>

        <!-- LOG "com.histo.staff_management*" at DEBUG level -->
        <Logger name="com.histo" level="debug" additivity="false">
            <AppenderRef ref="Console"/>
            <AppenderRef ref="RollingFile"/>
        </Logger>
    </Loggers>

</Configuration>