<?xml version="1.0" encoding="UTF-8"?>
<Configuration status="INFO">
    <Appenders>
        <Console name="LogToConsole" target="SYSTEM_OUT">
            <PatternLayout pattern="%d{HH:mm:ss.SSS} [%t] %-5level %logger{36} - %msg%n"/>
        </Console>

        <!-- ${sys:CATALINA_HOME} -->
		<!-- C:\Users\Ser-AppAdmin\Documents\apache-tomcat-8.5.65-windows-x64\apache-tomcat-8.5.65\logs\PacBioReprocess -->
		<!--  C:\Users\ManivasagamMarichamy\Desktop\logs\SAReferenceFile/logs/app.log 
		C:\Users\Ser-AppAdmin\Documents\Projects\PacBioFileDataOrganizer\jar\logs\app.log
		C:\Users\Ser-AppAdmin\Documents\Projects\PacBioFileDataOrganizer\jar
		-->
        <RollingRandomAccessFile name="LogToRollingRandomAccessFile" fileName="${sys:user.home}/logs/FileUploader/app.log"
                                 filePattern="${sys:user.home}/logs/FileUploader/$${date:yyyy-MM}/app-%d{MM-dd-yyyy}-%i.log.gz">
            <PatternLayout>
                <Pattern>%d %p %c{1.} [%t] %m%n</Pattern>
            </PatternLayout>
            <Policies>
                <TimeBasedTriggeringPolicy/>
                <SizeBasedTriggeringPolicy size="100 MB"/>
            </Policies>
            <DefaultRolloverStrategy max="10"/>
        </RollingRandomAccessFile>

    </Appenders>
    <logger name="net.schmizz.sshj" level="error"/>
    <Loggers>

        <!-- avoid duplicated logs with additivity=false -->
        <Logger name="com.histo" level="ALL" additivity="false">
            <AppenderRef ref="LogToRollingRandomAccessFile"/>
            <AppenderRef ref="LogToConsole"/>
        </Logger>
        <Root level="error">
            <AppenderRef ref="LogToConsole"/>
        </Root>
    </Loggers>
   
</Configuration>